Компания,Email,Сайт,Статус аудита,Персонализация,Источник факта,Уверенность,Провайдер,Контактное лицо с сайта,Почта с сайта,Комментарий
Mingwen Intelligent,sales01@mgwmachine.com,mgwmachine.com,проверить вручную,,,,,,,"не персонализировано: проверить вручную перед отправкой: сайт не на латинице/кириллице — автоматически не сверить, нужна ручная проверка"
HNC,sales@hnc.su,hnc.su,ok,На рынке России с 2014 года.,https://hnc.su,high,extractive,,sales@hnc.su,"брать в персонализацию как есть; ролевой ящик, а не персональный адрес ЛПР"
Tengzhong Machinery,sales01@nttzmt.com,uncomtech.ru,перепутано,,,,,,,не персонализировано: не персонализировать; найти настоящий сайт компании по названию
Tesid Equipment,sales@unimach.ru,unimach.ru,перепутано,,,,,,,не персонализировано: не персонализировать; найти настоящий сайт компании по названию
ТД Ункомтех,sales@thebestcnc.com,saintymachine.com,перепутано,,,,,,,не персонализировано: не персонализировать; заменить сайт на uncomtech.ru и перепроверить
JAT Cemented Carbide,sales@jillionsupply.com,jillionsupply.com,перепутано,,,,,,,не персонализировано: не персонализировать; заменить сайт на jat-carbide.com и перепроверить
Rogen Technologies,sales@jatcarbide.com,jat-carbide.com,перепутано,,,,,,,не персонализировано: не персонализировать; найти настоящий сайт компании по названию
Искролайн,sales@iskroline.ru,iskroline.ru,ok,"Российский производитель эмиссионных спектрометров и оборудования для спектрального анализа металлов, сплавов, руды и порошков.",https://iskroline.ru,medium,extractive,,sales@iskroline.ru; support@iskroline.ru,"брать в персонализацию как есть; ролевой ящик, а не персональный адрес ЛПР"
Jimmy CNC Tool,sales@jimmytool.com,jimmytool.com,ok,,https://jimmytool.com,none,extractive,,,"сайт открылся, но пригодного факта на нём нет — в письме использовать нейтральный вариант без {{персонализация}}"
Ezhong Heavy Machinery,sales@ezhonggroup.com,ezhonggroup.com,ok,"Ezhong provides Hydraulic Press & Plate Rolling Machine for metal forming. Factory engineering, technical support, and project quotations are available.",https://ezhonggroup.com,medium,extractive,,sales@ezhonggroup.com; global@ezhonggroup.com; eric.jones.z.mail@gmail.com,"брать в персонализацию как есть; ролевой ящик, а не персональный адрес ЛПР"
Shixinghong Precision,swyct@126.com,saintymachine.com,перепутано,,,,,,,не персонализировано: не персонализировать; найти настоящий сайт компании по названию
Internor Machinery,sales@internor.com.cn,internor-mach.com,ok,,https://internor-mach.com,none,extractive,,sales@internor.com.cn,"сайт открылся, но пригодного факта на нём нет — в письме использовать нейтральный вариант без {{персонализация}}"
РИЦ Техносфера,sales@technosphera.ru,technosphera.ru,ok,,https://technosphera.ru,none,extractive,,,"сайт открылся, но пригодного факта на нём нет — в письме использовать нейтральный вариант без {{персонализация}}"
Howfit Science,sales@howfit-press.com,howfit-press.com,ok,"Howfit Science and Technology Co., Ltd. founded in 2006, is a national high-tech enterprises integrating research and development, production and sales.",https://howfit-press.com,medium,extractive,,sales@howfit-press.com; howfitvincentpeng@163.com,"брать в персонализацию как есть; ролевой ящик, а не персональный адрес ЛПР"
Fengyi Yinhu,sales@fengyitool.com,fengyitool.com,ok,,,none,extractive,,,"сайт открылся, но пригодного факта на нём нет — в письме использовать нейтральный вариант без {{персонализация}}"
