№,Компания,Email,Сайт,Статус,Что делать,Совпадение сайт↔название,Совпадение почта↔название,Почта и сайт на одном домене,Название есть на сайте,Предполагаемый верный домен,Домен уехал из строки,Ошибки,Замечания
1,Mingwen Intelligent,sales01@mgwmachine.com,mgwmachine.com,проверить вручную,"проверить вручную перед отправкой: сайт не на латинице/кириллице — автоматически не сверить, нужна ручная проверка",0.4,0.4,да,"сайт не на латинице/кириллице — автоматически не сверить, нужна ручная проверка",,,сайт mgwmachine.com не похож на домен «Mingwen Intelligent» (совпадение 0.4); домен почты mgwmachine.com не похож на «Mingwen Intelligent» (совпадение 0.4),"ролевой ящик, а не персональный адрес ЛПР"
2,HNC,sales@hnc.su,hnc.su,ok,"брать в персонализацию как есть; ролевой ящик, а не персональный адрес ЛПР",1.0,1.0,да,нет,,,,"ролевой ящик, а не персональный адрес ЛПР"
3,Tengzhong Machinery,sales01@nttzmt.com,uncomtech.ru,перепутано,не персонализировать; найти настоящий сайт компании по названию,0.282,0.229,нет,нет,,,"сайт uncomtech.ru не похож на домен «Tengzhong Machinery» (совпадение 0.282); домен почты nttzmt.com не похож на «Tengzhong Machinery» (совпадение 0.229); домен почты (nttzmt.com) не совпадает с доменом сайта (uncomtech.ru); домен uncomtech.ru по названию принадлежит компании из строки 5, а не «Tengzhong Machinery»","ролевой ящик, а не персональный адрес ЛПР"
4,Tesid Equipment,sales@unimach.ru,unimach.ru,перепутано,не персонализировать; найти настоящий сайт компании по названию,0.145,0.145,да,нет,,,сайт unimach.ru не похож на домен «Tesid Equipment» (совпадение 0.145); домен почты unimach.ru не похож на «Tesid Equipment» (совпадение 0.145),"ролевой ящик, а не персональный адрес ЛПР"
5,ТД Ункомтех,sales@thebestcnc.com,saintymachine.com,перепутано,не персонализировать; заменить сайт на uncomtech.ru и перепроверить,0.24,0.178,нет,нет,uncomtech.ru,3,"сайт saintymachine.com не похож на домен «ТД Ункомтех» (совпадение 0.24); домен почты thebestcnc.com не похож на «ТД Ункомтех» (совпадение 0.178); домен почты (thebestcnc.com) не совпадает с доменом сайта (saintymachine.com); домен saintymachine.com дублируется со строкой 11; судя по названию, домен этой компании — uncomtech.ru (сейчас он стоит в строке 3)","ролевой ящик, а не персональный адрес ЛПР"
6,JAT Cemented Carbide,sales@jillionsupply.com,jillionsupply.com,перепутано,не персонализировать; заменить сайт на jat-carbide.com и перепроверить,0.166,0.166,да,нет,jat-carbide.com,7,"сайт jillionsupply.com не похож на домен «JAT Cemented Carbide» (совпадение 0.166); домен почты jillionsupply.com не похож на «JAT Cemented Carbide» (совпадение 0.166); судя по названию, домен этой компании — jat-carbide.com (сейчас он стоит в строке 7)","ролевой ящик, а не персональный адрес ЛПР"
7,Rogen Technologies,sales@jatcarbide.com,jat-carbide.com,перепутано,не персонализировать; найти настоящий сайт компании по названию,0.213,0.213,нет,нет,,,"сайт jat-carbide.com не похож на домен «Rogen Technologies» (совпадение 0.213); домен почты jatcarbide.com не похож на «Rogen Technologies» (совпадение 0.213); домен почты (jatcarbide.com) не совпадает с доменом сайта (jat-carbide.com); домен jat-carbide.com по названию принадлежит компании из строки 6, а не «Rogen Technologies»","ролевой ящик, а не персональный адрес ЛПР"
8,Искролайн,sales@iskroline.ru,iskroline.ru,ok,"брать в персонализацию как есть; ролевой ящик, а не персональный адрес ЛПР",0.75,0.75,да,нет,,,,"ролевой ящик, а не персональный адрес ЛПР"
9,Jimmy CNC Tool,sales@jimmytool.com,jimmytool.com,ok,"брать в персонализацию как есть; ролевой ящик, а не персональный адрес ЛПР",0.9,0.9,да,нет,,,,"ролевой ящик, а не персональный адрес ЛПР"
10,Ezhong Heavy Machinery,sales@ezhonggroup.com,ezhonggroup.com,ok,"брать в персонализацию как есть; ролевой ящик, а не персональный адрес ЛПР",0.9,0.9,да,да,,,,"ролевой ящик, а не персональный адрес ЛПР"
11,Shixinghong Precision,swyct@126.com,saintymachine.com,перепутано,не персонализировать; найти настоящий сайт компании по названию,0.267,0.0,нет,нет,,,сайт saintymachine.com не похож на домен «Shixinghong Precision» (совпадение 0.267); домен saintymachine.com дублируется со строкой 5,"публичный почтовый сервис, не корпоративный домен"
12,Internor Machinery,sales@internor.com.cn,internor-mach.com,ok,"брать в персонализацию как есть; ролевой ящик, а не персональный адрес ЛПР",0.9,1.0,нет,да,internor.com.cn,,,"ролевой ящик, а не персональный адрес ЛПР; домен почты (internor.com.cn) не совпадает с доменом сайта (internor-mach.com) — похоже на второй домен той же компании; домен не выводится из названия, но сайт подтверждает компанию"
13,РИЦ Техносфера,sales@technosphera.ru,technosphera.ru,ok,"брать в персонализацию как есть; ролевой ящик, а не персональный адрес ЛПР",1.0,1.0,да,нет,,,,"ролевой ящик, а не персональный адрес ЛПР"
14,Howfit Science,sales@howfit-press.com,howfit-press.com,ok,"брать в персонализацию как есть; ролевой ящик, а не персональный адрес ЛПР",0.9,0.9,да,да,,,,"ролевой ящик, а не персональный адрес ЛПР"
15,Fengyi Yinhu,sales@fengyitool.com,fengyitool.com,ok,"брать в персонализацию как есть; ролевой ящик, а не персональный адрес ЛПР",0.9,0.9,да,сайт не ответил,,,,"ролевой ящик, а не персональный адрес ЛПР"
