Компания,Сайт,Контакт,Email,Персонализация,Отрасль,Регион,Отдел продаж,Качество почты,Источник факта,Уверенность,Карточка в справочнике,Комментарий
Бийская льняная компания (БЛК),biysk-len.ru,,,,Легкая промышленность,Алтайский край,да,—,,,https://www.wiki-prom.ru/6499zavod.html,сайт не открылся
Люксол,luxsol.ru,—,info@luxsol.ru,"Фабрика сетей Люксол — производство капроновых и полипропиленовых сеток, безузловых делей, плетеных и крученых шнуров. Изготовление спортивных, заградительных, строительных защитных сеток, антидроновых систем в Москве.",Легкая промышленность,Московская область,не указан,"ролевой, домен живой",https://luxsol.ru,medium,https://www.wiki-prom.ru/8299zavod.html,"ролевой ящик, а не персональный адрес ЛПР; имя ЛПР на сайте не указано"
Челябинский канатно-веревочный завод (ЧКВЗ),shnury.ru,Сиренко Сергей Михайлович (генеральный директор),info@shnury.ru,"Фабрика шнуров является производителем шнуров, фалов, канатов и веревок. Производство шнуров, фалов, канатов и верёвок в Москве.",Легкая промышленность,Челябинская область,не указан,"ролевой, домен живой",https://shnury.ru,high,https://www.wiki-prom.ru/7442zavod.html,"ролевой ящик, а не персональный адрес ЛПР"
Астраханская сетевязальная фабрика,astra-nevod.ru,отдел продаж,sales@astra-nevod.ru,"Фабрика - одно из старейших предприятий г.Астрахани, образовано в 1912 году, в 2016 году преобразовано в Акционерное Общество ""Астраханская сетевязальная фабрика"".",Легкая промышленность,Астраханская область,да,"ролевой, домен живой",https://astra-nevod.ru,high,https://www.wiki-prom.ru/6466zavod.html,"ролевой ящик, а не персональный адрес ЛПР; персональное имя не публикуется, адресат — отдел продаж"
Балахнинская картонная фабрика (БКФ),balahnakarton.ru,отдел продаж,,Продукции Переключатель меню Прайс листы Гильзовый картон Коробочный картон Переплетный картон Бумага для гофрирования Картон для плоских слоев Новости Галерея Потребность производства,"Лесная, деревообрабатывающая и целлюлозно-бумажная промышленность",Нижегородская область,да,—,https://balahnakarton.ru,medium,https://www.wiki-prom.ru/7132zavod.html,"на сайте не нашлось ни одного адреса; персональное имя не публикуется, адресат — отдел продаж"
Ново Пакаджинг ББ (Ново Пак),novopackbb.ru,Светлана Рыбкина (директор по продажам),sales@novopackbb.ru,ББ Эксперт в области разработки и производства упаковки из гофрированного картона.,"Лесная, деревообрабатывающая и целлюлозно-бумажная промышленность",Калужская область,не указан,"ролевой, домен живой",https://novopackbb.ru,high,https://www.wiki-prom.ru/8066zavod.html,"ролевой ящик, а не персональный адрес ЛПР"
ГофроМир,gofromir.ru,—,order@gofromir.ru,Производство упаковки в Москве. Кривцово Санкт-Петербург Краснодар Производство упаковки из гофрокартона с 1999 года г.,"Лесная, деревообрабатывающая и целлюлозно-бумажная промышленность",Московская область,не указан,"ролевой, домен живой",https://gofromir.ru,high,https://www.wiki-prom.ru/8038zavod.html,"ролевой ящик, а не персональный адрес ЛПР; имя ЛПР на сайте не указано"
Алтайтара,altaytara.ru,отдел продаж,meh@altaytara.ru,Комбинат Алтайтара — производство гофрокартона и гофротары. Компания «Алтайтара» создана в 2007 году в Барнауле — столице Алтайского края.,"Лесная, деревообрабатывающая и целлюлозно-бумажная промышленность",Алтайский край,да,"персональный, домен живой",https://altaytara.ru,high,https://www.wiki-prom.ru/6278zavod.html,"персональное имя не публикуется, адресат — отдел продаж"
Киселевский завод горного оборудования (КЗГО),kzgo42.ru,Томилов Евгений Владимирович (генеральный директор),priem@kzgo42.ru,На официальном сайте производителя горного оборудования можно ознакомиться и купить продукцию Киселевского завода!,Машиностроение и металлообработка,Кемеровская область,да,"персональный, домен живой",https://kzgo42.ru,medium,https://www.wiki-prom.ru/9647zavod.html,
Металло-механический завод (ММЗ),krepy.ru,—,,,Машиностроение и металлообработка,Кемеровская область,не указан,—,https://krepy.ru,none,https://www.wiki-prom.ru/9224zavod.html,на сайте не нашлось ни одного адреса; имя ЛПР на сайте не указано; пригодного факта на сайте нет — письмо без персонализации
Белгородский завод горного машиностроения (ГорМаш),belgormash.ru,отдел продаж,kadr1@belgormash.ru,"2022 2015 Завод занимает лидирующее положение на рынке горнорудных долот России, становится основным поставщиком горнорудных долот для стран ближнего зарубежья.",Машиностроение и металлообработка,Белгородская область,да,"персональный, домен живой",https://belgormash.ru,high,https://www.wiki-prom.ru/8937zavod.html,"персональное имя не публикуется, адресат — отдел продаж"
Усольский машиностроительный завод (Усольмаш),usolmash.ru,отдел продаж,mail@usolmash.ru,"Продукция, выпускаемая под маркой нашего предприятия, в течении многих десятилетий работает на большинстве профильных предприятий России, а также эксплуатируется более чем в 20-ти странах мира. Сообщить о контрафакте можно по телефону службы безопасности…",Машиностроение и металлообработка,Иркутская область,да,"ролевой, домен живой",https://usolmash.ru,high,https://www.wiki-prom.ru/1289zavod.html,"ролевой ящик, а не персональный адрес ЛПР; персональное имя не публикуется, адресат — отдел продаж"
Хайдженик,hygienic.ru,—,sales@hygienic.ru,Линейка средств женской гигиены для ежедневного использования и в критические дни. Состоят из натуральной целлюлозы.,Медицинская промышленность,Московская область,не указан,"ролевой, домен живой",https://hygienic.ru,medium,https://www.wiki-prom.ru/7289zavod.html,"ролевой ящик, а не персональный адрес ЛПР; имя ЛПР на сайте не указано"
Опытно-экспериментальный завод «Владмива»,vladmiva.ru,—,market@vladmiva.ru,Стоматологические боры с алмазными головками «РосБел» выпускаются на предприятии с 2005 года.,Медицинская промышленность,Белгородская область,не указан,"персональный, домен живой",https://vladmiva.ru/about,high,https://www.wiki-prom.ru/9023zavod.html,имя ЛПР на сайте не указано
Ряжский завод медицинских изделий (РЗМИ),rzmi62.ru,—,,ООО «Ряжский завод медицинских изделий» был основан в 2018 году.,Медицинская промышленность,Рязанская область,не указан,—,https://rzmi62.ru,high,https://www.wiki-prom.ru/9158zavod.html,на сайте не нашлось ни одного адреса; имя ЛПР на сайте не указано
Гранат Био Тех,granatbio.ru,—,info@granatbio.ru,"Надежность и качество без компромиссов — это то, что движет командой Гранат Био Тех при проектировании и создании каждого компонента продукта. Компания образована в 2016 году инициативной командой профессионалов в области лабораторной диагностики и…",Медицинская промышленность,Московская область,не указан,"ролевой, домен живой",https://granatbio.ru,high,https://www.wiki-prom.ru/7248zavod.html,"ролевой ящик, а не персональный адрес ЛПР; имя ЛПР на сайте не указано"
Арчеда-Продукт,archeda.ru,—,secretar@archeda.ru,"Арчеда – крупнейший на Юге России производитель широкой линейки высококачественных зерновых хлопьев, различных видов муки, отрубей, гарниров, каш и супов под торговыми марками «Крупно» и «Delika». В 1999 году рядом с одним из них появился современный…",Мукомольно-крупяная и комбикормовая промышленность,Волгоградская область,не указан,"персональный, домен живой",https://archeda.ru,high,https://www.wiki-prom.ru/8120zavod.html,имя ЛПР на сайте не указано
ТД Эндакси,endaksi.ru,—,,Endaksi — производитель круп и суперфудов премиального качества. И партнёров по СТМ Про продукты и подход Эндакси Надёжный партнёр для ритейла и брендов с 2000 года Надёжный партнёр для ритейла и брендов с 2000 года Собственное производство и.,Мукомольно-крупяная и комбикормовая промышленность,Владимирская область,не указан,—,https://endaksi.ru,high,https://www.wiki-prom.ru/7608zavod.html,на сайте не нашлось ни одного адреса; имя ЛПР на сайте не указано
Дары Полей,darypoley.ru,—,darypoley@mail.ru,"«Дары полей» — одна из лидирующих компаний на рынке, специализирующаяся на продаже сахара, муки и бакалейной продукции. Вот уже 20 лет мы следуем последним тенденциям, поставляя продукты только самого высокого уровня.",Мукомольно-крупяная и комбикормовая промышленность,Саратовская область,не указан,"персональный, домен живой",https://darypoley.ru,medium,https://www.wiki-prom.ru/7479zavod.html,"публичный почтовый сервис, не корпоративный домен; имя ЛПР на сайте не указано"
ФКПЧФ Бобимэкс ТМ,senegskaya.ru,—,office@senegskaya.ru,,Пищевая промышленность,Московская область,не указан,"ролевой, домен живой",https://senegskaya.ru,none,https://www.wiki-prom.ru/8541zavod.html,"ролевой ящик, а не персональный адрес ЛПР; имя ЛПР на сайте не указано; пригодного факта на сайте нет — письмо без персонализации"
Южная соковая компания (ЮСК),yugsok.com,отдел продаж,sales@yugsok.com,"Официальный сайт Южной Соковой Компании - российского производителя соков, нектаров и продукции для детского питания. 0 тонн яблок перерабатывается в сутки.",Пищевая промышленность,Краснодарский край,да,"ролевой, домен живой",https://yugsok.com,high,https://www.wiki-prom.ru/6155zavod.html,"ролевой ящик, а не персональный адрес ЛПР; персональное имя не публикуется, адресат — отдел продаж"
Ярославский завод напитков,yzn.su,,,,Пищевая промышленность,Ярославская область,не указан,—,,,https://www.wiki-prom.ru/9433zavod.html,сайт не открылся
Аквадар,akvadar.ru,—,opt_legion@akvadar.ru,Группа компаний «Аквадар» занимает ведущие позиции по продажам лимонадов и минеральной воды на Юге России и является лидером среди производителей безалкогольных напитков. Сертификаты География поставок Новости Отзывы История группы компаний «Аквадар» началась…,Пищевая промышленность,Ростовская область,не указан,"персональный, домен живой",https://akvadar.ru/about,high,https://www.wiki-prom.ru/8504zavod.html,имя ЛПР на сайте не указано
Сокроф,sokrof.ru,—,zakaz-nn@sokrof.com,Стать партнёром Доставка и оплата Полезные материалы Распродажа,Промышленность строительных материалов,Нижегородская область,не указан,"персональный, домен живой",https://sokrof.ru,medium,https://www.wiki-prom.ru/8127zavod.html,имя ЛПР на сайте не указано
Анапский завод кровли и фасада (АЗКИФ),azkf.ru,—,sales_anapa@azkf.ru,Металлочерепица Профлист Фальцевая кровля Ондулин Гибкая черепица Профиль Водосточные системы Доборные элементы Сопутствующие товары,Промышленность строительных материалов,Краснодарский край,не указан,"персональный, домен живой",https://azkf.ru,medium,https://www.wiki-prom.ru/8119zavod.html,имя ЛПР на сайте не указано
ТД «Спецсталь»,specstal48.ru,—,specstal48@mail.ru,"ТД «Спецсталь» ООО ТД «Спецсталь» - быстроразвивающаяся компания из г.Липецк, начала свою деятельность в 2012 году.",Промышленность строительных материалов,Липецкая область,не указан,"персональный, домен живой",https://specstal48.ru/company,high,https://www.wiki-prom.ru/8089zavod.html,"публичный почтовый сервис, не корпоративный домен; имя ЛПР на сайте не указано"
Кровля Сервис,kszavod.ru,Даов Ислам Газалиевич (генеральный директор),zakaz@nika-yug.ru,"Завод ООО Кровля Сервис производит и реализует металлочерепицу, профлист, водосточные системы, фасадные системы и комплектующие к ним по доступным ценам с доставкой. 8 800 2222 507 8 800 2222 507 Производство + офис продаж + склад 8 800 550 41 57 Филиал с…",Промышленность строительных материалов,Кабардино-Балкарская Республика,не указан,"ролевой, домен живой",https://kszavod.ru,high,https://www.wiki-prom.ru/7966zavod.html,"ролевой ящик, а не персональный адрес ЛПР"
ТД Континент,kontinentnn.ru,отдел продаж,info@kontinentnn.ru,CONTINENT — один из крупнейших производителей зеркал в России и СНГ. Официальный сайт производителя зеркал О Компании.,Стекольная и фарфоро-фаянсовая промышленность,Нижегородская область,да,"ролевой, домен живой",https://kontinentnn.ru/about,high,https://www.wiki-prom.ru/9522zavod.html,"ролевой ящик, а не персональный адрес ЛПР; персональное имя не публикуется, адресат — отдел продаж"
Магнитогорский завод по производству и переработке стекла (МАГНИЗА),magniza.ru,—,magniza@yandex.ru,"Наше предприятие производит продукцию в соответствии с Общероссийским классификатором ОКВЭД, код 20.13 ""Производство прочих основных неорганических химических веществ"", силикат растворимый различного состава (натриевый, калиевый, натриево-калиевый…",Стекольная и фарфоро-фаянсовая промышленность,Челябинская область,не указан,"персональный, домен живой",https://magniza.ru,medium,https://www.wiki-prom.ru/9441zavod.html,"публичный почтовый сервис, не корпоративный домен; имя ЛПР на сайте не указано"
ЧСЗ-Липецк,chszlp.ru,—,info@chszlp.ru,С 2008 года и по настоящий день группа компаний ЧСЗ по праву считается крупнейшей в России.,Стекольная и фарфоро-фаянсовая промышленность,Липецкая область,не указан,"ролевой, домен живой",https://chszlp.ru/about,high,https://www.wiki-prom.ru/8495zavod.html,"ролевой ящик, а не персональный адрес ЛПР; имя ЛПР на сайте не указано"
Омский стекольный завод (ОСЗ),avangard-steklo.com,,,,Стекольная и фарфоро-фаянсовая промышленность,Омская область,не указан,—,,,https://www.wiki-prom.ru/427zavod.html,сайт не открылся
Угольная компания «Северный Кузбасс»,kuzcoal.ru,,,,Топливная промышленность,Кемеровская область,да,—,,,https://www.wiki-prom.ru/6550zavod.html,сайт не открылся
Угольная компания «Кузбассразрезуголь»,kru.ru,отдел продаж,,Одна из старейших компаний по открытой добыче каменного угля в России. Энергии «Кузбассразрезуголь» — компания по открытой добыче каменного угля в России Более 60 лет на рынке угледобычи «Кузбассразрезуголь» — одна из старейших компаний в сфере добычи угля в.,Топливная промышленность,Кемеровская область,да,—,https://kru.ru,high,https://www.wiki-prom.ru/6545zavod.html,"на сайте не нашлось ни одного адреса; персональное имя не публикуется, адресат — отдел продаж"
Центральная обогатительная фабрика «Березовская» (ЦОФ Березовская),cof.metholding.ru,,,,Топливная промышленность,Кемеровская область,не указан,—,,,https://www.wiki-prom.ru/6480zavod.html,сайт не открылся
Эколь,ecole-soda.ru,отдел продаж,ecole@soda.ru,"Контрактное производство бытовой химии под СТМ. В этот момент более 200 сотрудников приступили к работе, обеспечивая страну новым продуктом под названием «Лотос».",Химическая и нефтехимическая промышленность,Республика Башкортостан,да,"персональный, домен живой",https://ecole-soda.ru,high,https://www.wiki-prom.ru/8734zavod.html,"персональное имя не публикуется, адресат — отдел продаж"
Бозон,bozon.ru,—,info@bozon.ru,"Прямые поставки биполярных и монополярных хирургических инструментов, дополнительных принадлежностей для электрохирургии и малоинвазивного доступа, устройств для эвакуации органов и тканей, оборудования и приспособлений для предстерилизационной очистки…",Химическая и нефтехимическая промышленность,Москва,не указан,"ролевой, домен живой",https://bozon.ru,medium,https://www.wiki-prom.ru/8185zavod.html,"ролевой ящик, а не персональный адрес ЛПР; имя ЛПР на сайте не указано"
Восток Технологии,indigodis.ru,—,bills@beget.com,"Что это значит и как прилинковать домен? ""Линковка"" - это направление домена на директорию на сервере, которая становится доступна в интернете.",Химическая и нефтехимическая промышленность,Республика Татарстан,не указан,"персональный, домен живой",https://indigodis.ru,medium,https://www.wiki-prom.ru/8189zavod.html,имя ЛПР на сайте не указано
ЕвроТек,mister-dez.ru,—,info@mister-dez.ru,Средства для отбеливания Жидкие средства для стирки Средства для стирки Кондиционеры для белья,Химическая и нефтехимическая промышленность,Санкт-Петербург,не указан,"ролевой, домен живой",https://mister-dez.ru,medium,https://www.wiki-prom.ru/7837zavod.html,"ролевой ящик, а не персональный адрес ЛПР; имя ЛПР на сайте не указано"
Эпромет,epromet.ru,—,info@epromet.ru,27 катанки производительность в год 10 лет на рынке металлургии 100 корпоративных клиентов.,Цветная металлургия,Республика Мордовия,не указан,"ролевой, домен живой",https://epromet.ru,high,https://www.wiki-prom.ru/7623zavod.html,"ролевой ящик, а не персональный адрес ЛПР; имя ЛПР на сайте не указано"
Завод «25 Микрон»,anodzavod.ru,отдел продаж,mailto:25@anodzavod.ru,"Производство алюминиевых анодированных профилей на заказ от завода ""25 микрон"". Ижевск, Воткинское шоссе, д. 298 Склад — корпус 1. Основной заезд «Завод 1» — корпус 2.",Цветная металлургия,Удмуртская Республика,да,непригоден,https://anodzavod.ru/contacts,high,https://www.wiki-prom.ru/7860zavod.html,"не проходит проверку синтаксиса; персональное имя не публикуется, адресат — отдел продаж"
Каменская катанка (КамКат),kamkat.ru,—,info@kamkat.ru,"Коллеги и друзья, отметьте в своих календарях даты с 19 по 21 марта 2024 года, чтобы заглянуть на стенд нашей компании на выставке Cabex!. На рынке с 2010 года. Основным продуктом является медная катанка огневого рафинирования, диаметром 8 мм.",Цветная металлургия,Свердловская область,не указан,"ролевой, домен живой",https://kamkat.ru,high,https://www.wiki-prom.ru/7383zavod.html,"ролевой ящик, а не персональный адрес ЛПР; имя ЛПР на сайте не указано"
Опытный завод «Авиаль»,zavodavial.ru,отдел продаж,info@zavodavial.ru,"Завод «Авиаль» производство проволоки из алюминия и алюминиевых сплавов: сварочной, для холодной высадки, для металлизации, различного назначения. И метизов с РТ-Техприемкой Опытный Завод Авиаль Производство алюминиевой проволоки с 2008 года Завод ""Авиаль""…",Цветная металлургия,Москва,да,"ролевой, домен живой",https://zavodavial.ru,high,https://www.wiki-prom.ru/9088zavod.html,"ролевой ящик, а не персональный адрес ЛПР; персональное имя не публикуется, адресат — отдел продаж"
Племенной форелеводческий завод «Адлер»,forelevoe-hozyaistvo.ru,отдел продаж,sales@pzadler.ru,Решением единственного акционера АО «Племзавод «Адлер» с 25 июня 2026 года генеральным директором предприятия назначена Ольга Анатольевна Александрова. Предприятие было основано в 1967 году в целях воспроизводства и исследования одного из наиболее…,Сельское хозяйство,Краснодарский край,да,"ролевой, домен живой",https://forelevoe-hozyaistvo.ru,high,https://www.wiki-prom.ru/7757zavod.html,"ролевой ящик, а не персональный адрес ЛПР; персональное имя не публикуется, адресат — отдел продаж"
Племенной конный завод «Дубровский»,dupko.ru,—,dupko@yandex.ru,Обратитесь к нашим специалистам и получите профессиональную консультацию по услугам нашего банка.,Сельское хозяйство,Челябинская область,не указан,"персональный, домен живой",https://dupko.ru/contacts,medium,https://www.wiki-prom.ru/7537zavod.html,"публичный почтовый сервис, не корпоративный домен; имя ЛПР на сайте не указано"
Знаменский селекционно-генетический центр (Знаменский СГЦ),nsgc.ru,—,info@nsgc.ru,"МИССИЯ КОМПАНИИ заключается в удовлетворении потребностей производителей товарной свинины, в высокопродуктивной генетике мирового уровня для получения товарных гибридов с высокими экономическими, прои",Сельское хозяйство,Орловская область,не указан,"ролевой, домен живой",https://nsgc.ru,low,https://www.wiki-prom.ru/7756zavod.html,"ролевой ящик, а не персональный адрес ЛПР; имя ЛПР на сайте не указано"
Тюменьгосплем,tyumengosplem72.ru,Приёмная Козина Светлана (генеральный директор),762080@gmail.com,,Сельское хозяйство,Тюменская область,да,"персональный, домен живой",https://tyumengosplem72.ru,none,https://www.wiki-prom.ru/7751zavod.html,"публичный почтовый сервис, не корпоративный домен; пригодного факта на сайте нет — письмо без персонализации"
Рассвет,l-craft.ru,отдел продаж,,"Кожгалантерейная фабрика L-CRAFT предлагает богатый ассортимент товаров: женские сумки из кожзаменителя, тканей и натуральной кожи дешево. Новинки Задать вопрос ООО ""Рассвет"" - Ведущий производитель женских сумок в России с 1993 года. Уважаемые покупатели …",Легкая промышленность,Санкт-Петербург,да,—,https://l-craft.ru,high,https://www.wiki-prom.ru/8601zavod.html,"на сайте не нашлось ни одного адреса; персональное имя не публикуется, адресат — отдел продаж"
Медведково,medvedkovo.ru,—,info@medvedkovo.ru,Интернет магазин - Сумки Медведково. Кожгалантерейная фабрика основана в 1972 году «Медведково» — крупнейшая в России фабрика по производству высококачественных.,Легкая промышленность,Москва,не указан,"ролевой, домен живой",https://medvedkovo.ru/about,high,https://www.wiki-prom.ru/8372zavod.html,"ролевой ящик, а не персональный адрес ЛПР; имя ЛПР на сайте не указано"
Топсейлз,optbags.ru,отдел продаж,sale@optbags.ru,"Продажа кожгалантереи оптом - производитель и поставщик изделий из натуральной кожи ESSE и R.BLAKE в Москве, Санкт-Петербурге и других городах России. Наша Компания создана в 1996 году как производитель кожаных аксессуаров.",Легкая промышленность,Санкт-Петербург,да,"персональный, домен живой",https://optbags.ru/about/,high,https://www.wiki-prom.ru/8600zavod.html,"персональное имя не публикуется, адресат — отдел продаж"
Бином,sumki-binom.ru,—,info@sumki-binom.ru,Компания Компания Немного о нас Наша компания уже более 20 лет на рынке В нашей команде только проверенные временем профессионалы Заголовок «БИНОМ» –компания по.,Легкая промышленность,Владимирская область,не указан,"ролевой, домен живой",https://sumki-binom.ru/about,high,https://www.wiki-prom.ru/8445zavod.html,"ролевой ящик, а не персональный адрес ЛПР; имя ЛПР на сайте не указано"
Экопак,ecopackrussia.com,—,ecopack_russia@ecopack.com,Ecopack - известный итальянский производитель бумажной упаковки для выпечки. Купите оптом формы для выпечки.,"Лесная, деревообрабатывающая и целлюлозно-бумажная промышленность",Московская область,не указан,"персональный, домен живой",https://ecopackrussia.com,medium,https://www.wiki-prom.ru/8039zavod.html,имя ЛПР на сайте не указано
Торговый Дом «Константа»,kontiss.ru,отдел продаж,tdkonstanta@kontiss.ru,0 Многолетний опыт работы Собственное производство с 2007 года Склад и производство площадью 1500 кв/м Собственный автотранспорт Отгрузка по России и.,"Лесная, деревообрабатывающая и целлюлозно-бумажная промышленность",Московская область,да,"персональный, домен живой",https://kontiss.ru,high,https://www.wiki-prom.ru/7870zavod.html,"персональное имя не публикуется, адресат — отдел продаж"
Элизиум,elysium-nsk.ru,,,,"Лесная, деревообрабатывающая и целлюлозно-бумажная промышленность",Новосибирская область,не указан,—,,,https://www.wiki-prom.ru/7603zavod.html,сайт не открылся
Фабрика упаковки,fab-art.ru,—,,,"Лесная, деревообрабатывающая и целлюлозно-бумажная промышленность",Московская область,не указан,—,https://fab-art.ru,none,https://www.wiki-prom.ru/8818zavod.html,на сайте не нашлось ни одного адреса; имя ЛПР на сайте не указано; пригодного факта на сайте нет — письмо без персонализации
Завод «Марс»,z-mars.ru,отдел продаж,market@zmars.ru,"Мы работаем над улучшением нашего сайта, чтобы сделать его ещё удобнее и функциональнее.",Машиностроение и металлообработка,Тверская область,да,"персональный, домен живой",https://z-mars.ru,medium,https://www.wiki-prom.ru/9191zavod.html,"персональное имя не публикуется, адресат — отдел продаж"
Научно-производственное объединение «САУТ»,saut.ru,—,info@saut.ru,"Научные исследования и разработки Производство, программирование и внедрение Гарантийное обслуживание Поставка сервисной аппаратуры",Машиностроение и металлообработка,Свердловская область,не указан,"ролевой, домен живой",https://saut.ru,medium,https://www.wiki-prom.ru/8790zavod.html,"ролевой ящик, а не персональный адрес ЛПР; имя ЛПР на сайте не указано"
Опытно-конструкторское бюро микроэлектроники (ОКБ МЭЛ),okbmel.ru,—,ao@okbmel.ru,,Машиностроение и металлообработка,Калужская область,не указан,"персональный, домен живой",https://okbmel.ru,none,https://www.wiki-prom.ru/8483zavod.html,имя ЛПР на сайте не указано; пригодного факта на сайте нет — письмо без персонализации
Зеленоградский нанотехнологический центр (ЗНТЦ),zntc.ru,отдел продаж,sales@zntc.ru,На конференции в Москве руководитель ЗНТЦ Анатолий Ковалёв о запуске нового участка сборки.,Машиностроение и металлообработка,Москва,да,"ролевой, домен живой",https://zntc.ru,medium,https://www.wiki-prom.ru/6628zavod.html,"ролевой ящик, а не персональный адрес ЛПР; персональное имя не публикуется, адресат — отдел продаж"
Курский завод медстекла (Курскмедстекло),medsteklo.ru,отдел продаж,,"Основанный в 1935 году, он прошёл путь от маленького свечного заводика до крупнейшего предприятия по выпуску медицинских стеклянных трубок и ампул. На своём пути предприятие прошло несколько глубоких реконструкций, которые поступательно наращивали…",Медицинская промышленность,Курская область,да,—,https://medsteklo.ru,medium,https://www.wiki-prom.ru/9229zavod.html,"на сайте не нашлось ни одного адреса; персональное имя не публикуется, адресат — отдел продаж"
Апрелевский завод рентгенотехники (АЗРТ),aprelevka-x-ray.ru,—,azrt@amico.ru,ЗАО «Апрелевский завод рентгенотехники» специализируется на производстве рентгенодиагностических комплексов и специализированных медидинских аппаратов и входит в производственную группу ЗАО «АМИКО».,Медицинская промышленность,Московская область,не указан,"персональный, домен живой",https://aprelevka-x-ray.ru,medium,https://www.wiki-prom.ru/9149zavod.html,имя ЛПР на сайте не указано
Вектор-Бест,vector-best.ru,отдел продаж,common@vector-best.ru,"Журнал «Новости Вектор-Бест» Все выпуски ежеквартального информационного бюллетеня с 1996 года Учебные материалы Памятки для врачей, интерпретация исследований Все материалы.",Медицинская промышленность,Новосибирская область,да,"персональный, домен живой",https://vector-best.ru,high,https://www.wiki-prom.ru/8832zavod.html,"персональное имя не публикуется, адресат — отдел продаж"
Инновационный центр «Буревестник»,bourevestnik.ru,—,pdo.bv@alrosa.ru,"ИЦ «Буревестник» - предприятие по исследованию, разработке и производству рентгеновской аппаратуры для промышленных и научных целей. С 2005 года АО «ИЦ «Буревестник» является дочерней крупнейшей в мире алмазодобывающей компании - АК «АЛРОСА» (ПАО).",Медицинская промышленность,Санкт-Петербург,не указан,"персональный, домен живой",https://bourevestnik.ru,high,https://www.wiki-prom.ru/8415zavod.html,имя ЛПР на сайте не указано
Агрофид Рус,agrofeed.ru,Иштваном Секерешем (основателями),sekretar@agrofeed.ru,"Завод Agrofeed – производитель кормовых добавок и комплексных премиксов для животных и птиц. На службе сельскому хозяйству С 2002 года наш завод занимается экспортом премиальных премиксов для птицеводства, свиноводства, молочного и мясного животноводства, а…",Мукомольно-крупяная и комбикормовая промышленность,Тульская область,не указан,"персональный, домен живой",https://agrofeed.ru,high,https://www.wiki-prom.ru/9529zavod.html,
Белфармаком,belfarma.com,—,client@belfarma.com,"Компания Белфармаком предлагает купить ветеринарные препараты для сельскохозяйственных животных. Мы производим лекарства и кормовые добавки для лечения и профилактики заболеваний КРС, свиней и домашней птицы.",Мукомольно-крупяная и комбикормовая промышленность,Белгородская область,не указан,"персональный, домен живой",https://belfarma.com,medium,https://www.wiki-prom.ru/8111zavod.html,имя ЛПР на сайте не указано
Биотехнологический комплекс - Росва (БиоТех Росва),biorosva.ru,—,info@biorosva.ru,"Инновационный производитель качественных продуктов из пшеницы для пищевой и кормовой отрасли: глютен, крахмал, декстроза, смесь кормовая. 1920_668 agrofirma-meschovskaya 2 колос 1920_600 АО «Биотех Росва» основано в 2011 году для реализации инновационного…",Мукомольно-крупяная и комбикормовая промышленность,Калужская область,не указан,"ролевой, домен живой",https://biorosva.ru,high,https://www.wiki-prom.ru/7183zavod.html,"ролевой ящик, а не персональный адрес ЛПР; имя ЛПР на сайте не указано"
Адыгейский комбикормовый завод (Ставропольский Бройлер),gapresurs.ru,—,pr@gap-rs.ru,"Официальный сайт Группы агропредприятий «Ресурс», одного из крупнейших российских производителей продуктов питания. Узнать больше о Компании 1,05 млн тонн – объем производства мяса птицы в живом весе в 2025 году 2,02 млн тонн – объем производства комбикормов…",Мукомольно-крупяная и комбикормовая промышленность,Республика Адыгея,не указан,"ролевой, домен живой",https://gapresurs.ru,high,https://www.wiki-prom.ru/584zavod.html,"ролевой ящик, а не персональный адрес ЛПР; имя ЛПР на сайте не указано"
Доширак Коя,doshirak.com,Хван Чжэ (генеральный директор),doshirak@doshirak.com,"Производственная, Уч.№1 Проложить маршрут Телефон 8 (495) 221-38-78 В 2009 году открылся второй завод, производящий лапшу быстрого приготовления — «ДОШИРАК — РЯЗАНЬ» в городе Рязани.",Пищевая промышленность,Московская область,да,"персональный, домен живой",https://doshirak.com/contacts,high,https://www.wiki-prom.ru/7520zavod.html,
Нудел Продукт,fillini.ru,,,,Пищевая промышленность,Пензенская область,да,—,,,https://www.wiki-prom.ru/7667zavod.html,сайт не открылся
Балаковохлеб,hleb.balakovo.info,,,,Пищевая промышленность,Саратовская область,не указан,—,,,https://www.wiki-prom.ru/7272zavod.html,сайт не открылся
Самарская макаронная фабрика «Верола» (СМФ «Верола»),verola.ru,—,contact@verola.ru,"АО СМФ ""Верола уходит в ежегодный корпоративный отпуск с 01 июля 2026 года по 29 июля 2026 года. В указанный период производство и отгрузка продукции осуществляться не будут, но Вы можете направлять Ваши вопросы, заявки и заказы на почтовые адреса…",Пищевая промышленность,Самарская область,не указан,"ролевой, домен живой",https://verola.ru,medium,https://www.wiki-prom.ru/9639zavod.html,"ролевой ящик, а не персональный адрес ЛПР; имя ЛПР на сайте не указано"
Самарский гипсовый комбинат (СГК),samaragips.ru,—,info@samaragips.ru,"Самарский гипсовый комбинат - одно из крупнейших предприятий гипсовой отрасли России. Наша компания была основана в 1993 году, а наш интернет-магазин стал одним из первых магазинов, осуществляющих on-line продажу одежды в регионе.",Промышленность строительных материалов,Самарская область,не указан,"ролевой, домен живой",https://samaragips.ru/about,high,https://www.wiki-prom.ru/9518zavod.html,"ролевой ящик, а не персональный адрес ЛПР; имя ЛПР на сайте не указано"
Пешеланский гипсовый завод (ПГЗ),pgz-dekor.ru,отдел продаж,sales@pgz-dekor.ru,"Признанный лидер российской отрасли добычи, переработки гипса и производства строительных материалов на его основе",Промышленность строительных материалов,Нижегородская область,да,"ролевой, домен живой",https://pgz-dekor.ru,medium,https://www.wiki-prom.ru/9046zavod.html,"ролевой ящик, а не персональный адрес ЛПР; персональное имя не публикуется, адресат — отдел продаж"
Жигулевский известковый завод (ЖИЗ),zhiz.info,отдел продаж,,,Промышленность строительных материалов,Самарская область,да,—,https://zhiz.info,none,https://www.wiki-prom.ru/9470zavod.html,"на сайте не нашлось ни одного адреса; персональное имя не публикуется, адресат — отдел продаж; пригодного факта на сайте нет — письмо без персонализации"
Елецкий известковый завод (Елецизвесть),елецизвесть.рф,—,,Продукция Продукция Сертификация добровольная Кадры Кадровая работа СОУТ,Промышленность строительных материалов,Липецкая область,не указан,—,https://елецизвесть.рф,medium,https://www.wiki-prom.ru/6690zavod.html,на сайте не нашлось ни одного адреса; имя ЛПР на сайте не указано
ПКФ Кубаньфарфор,kubanfarfor.ru,,,,Стекольная и фарфоро-фаянсовая промышленность,Краснодарский край,не указан,—,,,https://www.wiki-prom.ru/374zavod.html,сайт не открылся
Центр возрождения традиционных ремесел «Скудельник»,skudelnik.ru,—,post@skudelnik.ru,,Стекольная и фарфоро-фаянсовая промышленность,Санкт-Петербург,не указан,"ролевой, домен живой",https://skudelnik.ru,none,https://www.wiki-prom.ru/4964zavod.html,"ролевой ящик, а не персональный адрес ЛПР; имя ЛПР на сайте не указано; пригодного факта на сайте нет — письмо без персонализации"
Фарфор Вербилок,farforverbilki.ru,отдел продаж,rss@gardnerporcelain.com,"История Фарфоровая фабрика «Мануфактуры Гарднеръ в Вербилках» была основана в 1754 году англичанином Францем Гарднером и в течение более двух веков создавала шедевры фарфорового искусства, ставшие украшением императорских дворцов России и Европы.",Стекольная и фарфоро-фаянсовая промышленность,Московская область,да,"персональный, домен живой",https://farforverbilki.ru,medium,https://www.wiki-prom.ru/368zavod.html,"персональное имя не публикуется, адресат — отдел продаж"
Императорский фарфоровый завод (ИФЗ),ipm.ru,—,info@ipm.ru,280 лет производим фарфоровые изделия. Элитный и коллекционный фарфор ручной работы.,Стекольная и фарфоро-фаянсовая промышленность,Санкт-Петербург,не указан,"ролевой, домен живой",https://ipm.ru,medium,https://www.wiki-prom.ru/371zavod.html,"ролевой ящик, а не персональный адрес ЛПР; имя ЛПР на сайте не указано"
Камский завод масел,kzmperm.ru,,,,Топливная промышленность,Пермский край,не указан,—,,,https://www.wiki-prom.ru/9652zavod.html,сайт не открылся
Производство Завод имени Шаумяна,zao-zish.ru,отдел продаж,zakaz@zao-zish.ru,С 2001 года за 25 лет новейшей истории завода были созданы масла нового поколения и разработан ряд передовых смазок.,Топливная промышленность,Санкт-Петербург,да,"ролевой, домен живой",https://zao-zish.ru,high,https://www.wiki-prom.ru/9303zavod.html,"ролевой ящик, а не персональный адрес ЛПР; персональное имя не публикуется, адресат — отдел продаж"
